{
  "hash": "9ff5e7e0",
  "configHash": "f8a6825f",
  "lockfileHash": "3c0fff72",
  "browserHash": "6a4658c0",
  "optimized": {
    "@angular/common": {
      "src": "../../../../../node_modules/@angular/common/fesm2022/common.mjs",
      "file": "@angular_common.js",
      "fileHash": "ef54c269",
      "needsInterop": false
    },
    "@angular/common/http": {
      "src": "../../../../../node_modules/@angular/common/fesm2022/http.mjs",
      "file": "@angular_common_http.js",
      "fileHash": "a74c6e20",
      "needsInterop": false
    },
    "@angular/core": {
      "src": "../../../../../node_modules/@angular/core/fesm2022/core.mjs",
      "file": "@angular_core.js",
      "fileHash": "8b208314",
      "needsInterop": false
    },
    "@angular/forms": {
      "src": "../../../../../node_modules/@angular/forms/fesm2022/forms.mjs",
      "file": "@angular_forms.js",
      "fileHash": "953d6a55",
      "needsInterop": false
    },
    "@angular/platform-browser": {
      "src": "../../../../../node_modules/@angular/platform-browser/fesm2022/platform-browser.mjs",
      "file": "@angular_platform-browser.js",
      "fileHash": "a6e6d921",
      "needsInterop": false
    },
    "@angular/router": {
      "src": "../../../../../node_modules/@angular/router/fesm2022/router.mjs",
      "file": "@angular_router.js",
      "fileHash": "b4067ddf",
      "needsInterop": false
    }
  },
  "chunks": {
    "chunk-Q5YONY56": {
      "file": "chunk-Q5YONY56.js"
    },
    "chunk-5LAABAVH": {
      "file": "chunk-5LAABAVH.js"
    },
    "chunk-3263JALZ": {
      "file": "chunk-3263JALZ.js"
    },
    "chunk-FHEKVWDN": {
      "file": "chunk-FHEKVWDN.js"
    }
  }
}